Hieroglyph;Gardiner;Unicode;Description;Transliteration;Notes;;
ğ“€€;A1;U+13000;seated man;i;I, me, my;;
ğ“€;A2;U+13001;man with hand to mouth;;;;
ğ“€‚;A3;U+13002;man sitting on heel;;;;
ğ“€ƒ;A4;U+13003;seated man with hands raised;;;;
ğ“€„;A5;U+13004;crouching man hiding behind wall;imn;Determinative for imn, to hide, to conceal, secret, mysterious;;
ğ“€…;A5A;U+13005;seated man hiding behind wall;;;;
ğ“€†;A6;U+13006;seated man under vase from which water flows;;;;
ğ“€‡;A6A;U+13007;seated man reaching for libation stone, under vase from which water flows;;;;
ğ“€ˆ;A6B;U+13008;seated man reaching down, under vase from which water flows;;;;
ğ“€‰;A7;U+13009;fatigued man;;;;
ğ“€Š;A8;U+1300A;man performing hnw-rite;;;;
ğ“€‹;A9;U+1300B;man steadying basket on head;1a.-êœ£tp, êœ£dp(Coptic-otp)1b.-fa, fai2.-kêœ£t;1a. for êœ£tp, êœ£dp, to load, to be laden, master of the load;;
ğ“€Œ;A10;U+1300C;seated man holding oar;;;;
ğ“€;A11;U+1300D;seated man holding scepter of authority and shepherd's crook;;;;
ğ“€;A12;U+1300E;soldier with bow and quiver;;;;
ğ“€;A13;U+1300F;man with arms tied behind his back;;;;
ğ“€;A14;U+13010;falling man with blood streaming from his head;;;;
ğ“€‘;A14A;U+13011;man whose head is hit with an axe;;;;
ğ“€’;A15;U+13012;man falling;;;;
ğ“€“;A16;U+13013;man bowing down;ks(and ks, ksi);A. Determinative for ks, ksi, & ks, to bow, to do homage, to submit;;
ğ“€”;A17;U+13014;child sitting with hand to mouth;;;;
ğ“€•;A17A;U+13015;child sitting with arms hanging down;;;;
ğ“€–;A18;U+13016;child wearing red crown;;;;
ğ“€—;A19;U+13017;bent man leaning on staff;;;;
ğ“€˜;A20;U+13018;man leaning on forked staff;;;;
ğ“€™;A21;U+13019;man holding staff with handkerchief;;;;
ğ“€š;A22;U+1301A;statue of man with staff and scepter of authority;;;;
ğ“€›;A23;U+1301B;king with staff and mace with round head;;;;
ğ“€œ;A24;U+1301C;man striking with both hands;;;;
ğ“€;A25;U+1301D;man striking, with left arm hanging behind back;;;;
ğ“€;A26;U+1301E;man with one arm pointing forward;;;;
ğ“€Ÿ;A27;U+1301F;hastening man;;;;
ğ“€ ;A28;U+13020;man with hands raised on either side;q3, q3i;to be high, to exalt;;
ğ“€¡;A29;U+13021;man upside down;;;;
ğ“€¢;A30;U+13022;man with hands raised in front;;;;
ğ“€£;A31;U+13023;man with hands raised behind him;;;;
ğ“€¤;A32;U+13024;man dancing with arms to the back;(kh)biib, ibuib3u, ib3;Ideogram or det. for (kh)bi, to dance;;
ğ“€¥;A32A;U+13025;man dancing with arms to the front;;;;
ğ“€¦;A33;U+13026;man with stick and bundle on shoulder;;;;
ğ“€§;A34;U+13027;man pounding in a mortar;(kh)us-(kh)usi;man grinding (etc.);;
ğ“€¨;A35;U+13028;man building wall;qd;"man constructing: a ""Mason""";;
ğ“€©;A36;U+13029;man kneading into vessel;;;;
ğ“€ª;A37;U+1302A;man in vessel;;;;
ğ“€«;A38;U+1302B;man holding necks of two emblematic animals with panther heads;;;;
ğ“€¬;A39;U+1302C;man on two giraffes;;;;
ğ“€­;A40;U+1302D;seated god;;;;
ğ“€®;A40A;U+1302E;seated god with  sceptre;;;;
ğ“€¯;A41;U+1302F;king with uraeus;;;;
ğ“€°;A42;U+13030;king with uraeus and flagellum;;;;
ğ“€±;A42A;U+13031;king with uraeus and flagellum;;;;
ğ“€²;A43;U+13032;king wearing white crown;;;;
ğ“€³;A43A;U+13033;king wearing white crown with  sceptre;;;;
ğ“€´;A44;U+13034;king wearing red crown with flagellum;;;;
ğ“€µ;A45;U+13035;king wearing red crown;;;;
ğ“€¶;A45A;U+13036;king wearing red crown with  sceptre;;;;
ğ“€·;A46;U+13037;king wearing red crown with  flagellum;;;;
ğ“€¸;A47;U+13038;shepherd seated and wrapped in mantle, holding stick;;;;
ğ“€¹;A48;U+13039;beardless man seated and holding knife;;;;
ğ“€º;A49;U+1303A;seated Syrian holding stick;;;;
ğ“€»;A50;U+1303B;noble on chair;;;;
ğ“€¼;A51;U+1303C;noble on chair with flagellum;;;;
ğ“€½;A52;U+1303D;noble squatting with flagellum;;;;
ğ“€¾;A53;U+1303E;standing mummy;tut;form, likeness, image, (double)Tutankhamun: Form-Living-(of)- Amun;;
ğ“€¿;A54;U+1303F;lying mummy;;;;
ğ“€;A55;U+13040;mummy on bed;"sá¸r""stchr""";to lie down;;
ğ“;A56;U+13041;seated man holding stick;;;;
ğ“‚;A57;U+13042;man holding loaf on mat;;;;
ğ“ƒ;A58;U+13043;man applying hoe to ground;;;;
ğ“„;A59;U+13044;man threatening with stick;;;;
ğ“…;A60;U+13045;man sowing seeds;;;;
ğ“†;A61;U+13046;man looking over his shoulder;;;;
ğ“‡;A62;U+13047;Asiatic;;;;
ğ“ˆ;A63;U+13048;king on throne holding staff;;;;
ğ“‰;A64;U+13049;man sitting on heels holding forward cup;;;;
ğ“Š;A65;U+1304A;man wearing tunic with fringes and holding mace;;;;
ğ“‹;A66;U+1304B;man holding sistrum;;;;
ğ“Œ;A67;U+1304C;dwarf;;;;
ğ“;A68;U+1304D;man holding up knife;;;;
ğ“;A69;U+1304E;seated man with raised right arm and left arm hanging down;;;;
ğ“;A70;U+1304F;seated man with raised arms;;;;
ğ“;B1;U+13050;seated woman;;;;
ğ“‘;B2;U+13051;pregnant woman;;;;
ğ“’;B3;U+13052;woman giving birth;;;;
ğ““;B4;U+13053;combination of woman giving birth and three skins tied together;;;;
ğ“”;B5;U+13054;woman suckling child;;;;
ğ“•;B5A;U+13055;woman suckling child (simplified);;;;
ğ“–;B6;U+13056;woman on chair with child on lap;;;;
ğ“—;B7;U+13057;queen wearing diadem and holding flower;;;;
ğ“˜;B8;U+13058;woman holding lotus flower;;;;
ğ“™;B9;U+13059;woman holding sistrum;;;;
ğ“š;C1;U+1305A;god with sun-disk and uraeus;rêœ£;Det. and Ideo. RÊ¿  â€œRa, sun-godâ€;;
ğ“›;C2;U+1305B;god with falcon head and sun-disk holding ankh;;Variant of C1;;
ğ“œ;C2A;U+1305C;god with falcon head and sun-disk;;;;
ğ“;C2B;U+1305D;C2A reversed;;;;
ğ“;C2C;U+1305E;C2 reversed;;;;
ğ“Ÿ;C3;U+1305F;god with ibis head;--;;;
ğ“ ;C4;U+13060;god with ram head;;Det. or Ideo. áº–nmw â€œKhnumâ€;;
ğ“¡;C5;U+13061;god with ram head holding ankh;;Variant of C4;;
ğ“¢;C6;U+13062;god with jackal head;Det. and Ideo. inpw â€œAnubis,â€ wp-w3wt â€œWepwawet.â€;;;
ğ“£;C7;U+13063;god with Seth-animal head;--;"Det. and Ideo. Stá¸«  ""Set""";;
ğ“¤;C8;U+13064;ithyphallic god with two plumes, uplifted arm and flagellum;;Det. and Ideo. Mnw â€œMinâ€;;
ğ“¥;C9;U+13065;goddess with horned sun-disk;;;;
ğ“¦;C10;U+13066;goddess with feather;--;Goddess Maat;;
ğ“§;C10A;U+13067;goddess with feather holding ankh;;;;
ğ“¨;C11;U+13068;god with arms supporting the sky and palm branch on head;;million, manyHeh (god);;
ğ“©;C12;U+13069;god with two plumes and scepter;imn;see Amun;;
ğ“ª;C13;U+1306A;C12 reversed;;;;
ğ“«;C14;U+1306B;god with two plumes and scimitar;;;;
ğ“¬;C15;U+1306C;C14 reversed;;;;
ğ“­;C16;U+1306D;god wearing red crown with ankh;;;;
ğ“®;C17;U+1306E;god with falcon head and two plumes;;Det. and Ideo Mntw â€œMontu.â€;;
ğ“¯;C18;U+1306F;squatting god;;Det. and Ideo. t3-á¹¯nnii â€œTatjenen.â€;;
ğ“°;C19;U+13070;mummy-shaped god;;Det. and Ideo. Ptá¸¥ â€œPtah.â€;;
ğ“±;C20;U+13071;mummy-shaped god in shrine;;Variant of C19;;
ğ“²;C21;U+13072;Bes;;;;
ğ“³;C22;U+13073;god with falcon head and moon;;;;
ğ“´;C23;U+13074;godess with feline head and sun with uraeus;;;;
ğ“µ;C24;U+13075;god wearing red crown with scepter;;;;
ğ“¶;D1;U+13076;head;tp;"1. Ideogram for tp, ""head""";;
ğ“·;D2;U+13077;face;á¸¥r;1. Bil. hr-(á¸¥r);;
ğ“¸;D3;U+13078;hair;;;;
ğ“¹;D4;U+13079;eye;"iSir""wsjr""";Osiris;;
ğ“º;D5;U+1307A;eye touched up with paint;;;;
ğ“»;D6;U+1307B;eye with painted upper lid;;;;
ğ“¼;D7;U+1307C;eye with painted lower lid;;;;
ğ“½;D8;U+1307D;eye enclosed in sandy tract;;;;
ğ“¾;D8A;U+1307E;eye with painted lower lid enclosed in sandy tract;;;;
ğ“¿;D9;U+1307F;eye with flowing tears;;;;
ğ“‚€;D10;U+13080;Eye of Horus;utchat;Eye of Horus;;
ğ“‚;D11;U+13081;left part of the eye of Horus;;;;
ğ“‚‚;D12;U+13082;pupil;á¸fá¸;1. Determinative in á¸fá¸, pupil. (other spellings, /entries);;
ğ“‚ƒ;D13;U+13083;eyebrow;;;;
ğ“‚„;D14;U+13084;right part of eye of Horus;;;;
ğ“‚…;D15;U+13085;diagonal marking of eye of Horus;;;;
ğ“‚†;D16;U+13086;vertical marking of eye of Horus;;;;
ğ“‚‡;D17;U+13087;diagonal and vertical markings of eye of Horus;;;;
ğ“‚ˆ;D18;U+13088;ear;"sá¸m""stchm""";to listen;;
ğ“‚‰;D19;U+13089;nose, eye and cheek;fná¸/fnd-(fná¸/fnd)(sh)rt-(Å¡rt)(kh)nt-áº–nt;"Ideogram or det. for the ""nose"", fná¸/fnd-(fná¸/fnd), (sh)rt-(Å¡rt)";;
ğ“‚Š;D20;U+1308A;nose, eye and cheek (cursive);;;;
ğ“‚‹;D21;U+1308B;mouth;rrp(kh)ar;to turn in the other direction;;
ğ“‚Œ;D22;U+1308C;mouth with two strokes;;;;
ğ“‚;D23;U+1308D;mouth with three strokes;;;;
ğ“‚;D24;U+1308E;upper lip with teeth;;;;
ğ“‚;D25;U+1308F;lips;spti;the two lips;;
ğ“‚;D26;U+13090;liquid issuing from lips;;;;
ğ“‚‘;D27;U+13091;small breast;;;;
ğ“‚’;D27A;U+13092;large breast;;;;
ğ“‚“;D28;U+13093;two arms upraised;kêœ£--(bil.);Bil. kêœ£, ka;;
ğ“‚”;D29;U+13094;combination of hieroglyphs D28 and R12;;;;
ğ“‚•;D30;U+13095;two arms upraised with tail;;;;
ğ“‚–;D31;U+13096;arms embracing club;;;;
ğ“‚—;D31A;U+13097;two arms uppraised and club;;;;
ğ“‚˜;D32;U+13098;arms embracing;;;;
ğ“‚™;D33;U+13099;arms rowing;(kh)náº–n;Egyptian biliteral sign (kh)n, áº–n;;
ğ“‚š;D34;U+1309A;armswith shieldand battle axe;'á¸¥êœ£;"Ideogram for êœ¥á¸¥êœ£, ""combat""";;
ğ“‚›;D34A;U+1309B;arms with shield and mace;;;;
ğ“‚œ;D35;U+1309C;arms in gesture of negation;;;;
ğ“‚;D36;U+1309D;forearm (palm upwards);êœ¥;uniliteral sign representing Egyptian ayin;;
ğ“‚;D37;U+1309E;forearm with bread cone;di;to give, or given;;
ğ“‚Ÿ;D38;U+1309F;forearm with rounded loaf;;;;
ğ“‚ ;D39;U+130A0;forearm with bowl;á¸¥nk;"Determinative in á¸¥nk, ""to make an offering"", also: gift, offering, etc. (see also: List of portraiture offerings with Ancient Egyptian hieroglyphs)";;
ğ“‚¡;D40;U+130A1;forearm with stick;;;;
ğ“‚¢;D41;U+130A2;forearm with palm down and bent upper arm;;;;
ğ“‚£;D42;U+130A3;forearm with palm down and straight upper arm;má¸¥;;;
ğ“‚¤;D43;U+130A4;forearm with flail;(kh)uyá¸«uy;"1. Ideogram for (kh)uy, ""to protect""";;
ğ“‚¥;D44;U+130A5;arm with sekhem scepter;--;;;
ğ“‚¦;D45;U+130A6;arm with wand;á¸sr--(tril.);to be holy, to segregateSee djsr (arm with powerstick);;
ğ“‚§;D46;U+130A7;hand;d(sh);'red', in Egyptian hieroglyphs for word constructs;;
ğ“‚¨;D46A;U+130A8;liquid falling from hand;;;;
ğ“‚©;D47;U+130A9;hand with palm up;;;;
ğ“‚ª;D48;U+130AA;hand without thumb;;;;
ğ“‚«;D48A;U+130AB;hand holding egg;;;;
ğ“‚¬;D49;U+130AC;fist;;;;
ğ“‚­;D50;U+130AD;one finger;;;;
ğ“‚®;D50A;U+130AE;two fingers;;;;
ğ“‚¯;D50B;U+130AF;three fingers;;;;
ğ“‚°;D50C;U+130B0;four fingers;;;;
ğ“‚±;D50D;U+130B1;five fingers;;;;
ğ“‚²;D50E;U+130B2;six fingers;;;;
ğ“‚³;D50F;U+130B3;seven fingers;;;;
ğ“‚´;D50G;U+130B4;eight fingers;;;;
ğ“‚µ;D50H;U+130B5;nine fingers;;;;
ğ“‚¶;D50I;U+130B6;five fingers (row);;;;
ğ“‚·;D51;U+130B7;one finger (horizontal);;;;
ğ“‚¸;D52;U+130B8;phallus;;;;
ğ“‚¹;D52A;U+130B9;phallus with folded cloth;;;;
ğ“‚º;D53;U+130BA;phallus with emission;;;;
ğ“‚»;D54;U+130BB;legs walking;;;;
ğ“‚¼;D54A;U+130BC;hieratic legs walking;;;;
ğ“‚½;D55;U+130BD;legs walking backwards;;;;
ğ“‚¾;D56;U+130BE;leg;rd;"Ideo., det. for rd, ""leg""";;
ğ“‚¿;D57;U+130BF;leg with knife;;;;
ğ“ƒ€;D58;U+130C0;foot;s;;;
ğ“ƒ;D59;U+130C1;foot and forearm;;;;
ğ“ƒ‚;D60;U+130C2;foot under vaase from which water flows;;;;
ğ“ƒƒ;D61;U+130C3;three toes oriented leftward;;;;
ğ“ƒ„;D62;U+130C4;three toes oriented rightward;;;;
ğ“ƒ…;D63;U+130C5;two toes oriented leftward;;;;
ğ“ƒ†;D64;U+130C6;hand with palm down;;;;
ğ“ƒ‡;D65;U+130C7;lock of hair;;;;
ğ“ƒˆ;D66;U+130C8;arm with reed pen;;;;
ğ“ƒ‰;D67;U+130C9;one dot;;;;
ğ“ƒŠ;D67A;U+130CA;two dots;;;;
ğ“ƒ‹;D67B;U+130CB;three dots;;;;
ğ“ƒŒ;D67C;U+130CC;four dots;;;;
ğ“ƒ;D67D;U+130CD;five dots;;;;
ğ“ƒ;D67E;U+130CE;six dots;;;;
ğ“ƒ;D67F;U+130CF;seven dots;;;;
ğ“ƒ;D67G;U+130D0;eight dots;;;;
ğ“ƒ‘;D67H;U+130D1;nine dots;;;;
ğ“ƒ’;E1;U+130D2;bull;kêœ£;bull;;
ğ“ƒ“;E2;U+130D3;bull charging;;;;
ğ“ƒ”;E3;U+130D4;calf;;;;
ğ“ƒ•;E4;U+130D5;sacred cow;;;;
ğ“ƒ–;E5;U+130D6;cow suckling calf;;;;
ğ“ƒ—;E6;U+130D7;horse;;;;
ğ“ƒ˜;E7;U+130D8;donkey;;;;
ğ“ƒ™;E8;U+130D9;kid;ib;1. Phoneme ib for 'young goat';;
ğ“ƒš;E8A;U+130DA;kid jumping;;;;
ğ“ƒ›;E9;U+130DB;newborn hartebeest;"""iu""";Determinative, for newborn animals, etc.;;
ğ“ƒœ;E9A;U+130DC;mature bovine lying down;;;;
ğ“ƒ;E10;U+130DD;ram;;;;
ğ“ƒ;E11;U+130DE;ram;;;;
ğ“ƒŸ;E12;U+130DF;pig;;;;
ğ“ƒ ;E13;U+130E0;cat;miu;Determinative for cat, as well as for the onomatopoeic Egyptian miu;;
ğ“ƒ¡;E14;U+130E1;dog;;;;
ğ“ƒ¢;E15;U+130E2;lying canine;;;;
ğ“ƒ£;E16;U+130E3;lying canine on shrine;;;;
ğ“ƒ¤;E16A;U+130E4;lying canine on shrine with flagellum;;;;
ğ“ƒ¥;E17;U+130E5;jackal;;;;
ğ“ƒ¦;E17A;U+130E6;jackal looking back;;;;
ğ“ƒ§;E18;U+130E7;wolf on standard;;;;
ğ“ƒ¨;E19;U+130E8;wolf on standard with mace;;;;
ğ“ƒ©;E20;U+130E9;Set-animal;--;Set (mythology);;
ğ“ƒª;E20A;U+130EA;Set-animal on basket;;;;
ğ“ƒ«;E21;U+130EB;lying Set-animal;;;;
ğ“ƒ¬;E22;U+130EC;lion;mêœ£i;Ideogram for standing lion, mêœ£i;;
ğ“ƒ­;E23;U+130ED;lying lion;;;;
ğ“ƒ®;E24;U+130EE;panther;;;;
ğ“ƒ¯;E25;U+130EF;hippopotamus;;;;
ğ“ƒ°;E26;U+130F0;elephant;3bu3bdnhr-(Ptolemaic);1. Determinative in êœ£bw, elephant (ultimate source of English word ivory);;
ğ“ƒ±;E27;U+130F1;giraffe;;;;
ğ“ƒ²;E28;U+130F2;oryx;gá¸¥s;gazelle(Gá¸¥s-t, a Gazelle-Goddess);;
ğ“ƒ³;E28A;U+130F3;oryx with irrigation system;;;;
ğ“ƒ´;E29;U+130F4;gazelle;;;;
ğ“ƒµ;E30;U+130F5;ibex;;;;
ğ“ƒ¶;E31;U+130F6;goat with collar;;;;
ğ“ƒ·;E32;U+130F7;baboon;;;;
ğ“ƒ¸;E33;U+130F8;monkey;;;;
ğ“ƒ¹;E34;U+130F9;hare;un(wn)--(bil.);bil. wn;;
ğ“ƒº;E34A;U+130FA;hare (low);;;;
ğ“ƒ»;E36;U+130FB;baboon;;;;
ğ“ƒ¼;E37;U+130FC;baboon with recptacle and basket;;;;
ğ“ƒ½;E38;U+130FD;long-horned bull;;;;
ğ“ƒ¾;F1;U+130FE;ox head;;;;
ğ“ƒ¿;F1A;U+130FF;bovine head;;;;
ğ“„€;F2;U+13100;charging ox head;;;;
ğ“„;F3;U+13101;hippopotamus head;at(êœ£t);;;
ğ“„‚;F4;U+13102;forepart of lion;;;;
ğ“„ƒ;F5;U+13103;hartebeest head;;;;
ğ“„„;F6;U+13104;forepart of hartebeest;;;;
ğ“„…;F7;U+13105;ram head;;;;
ğ“„†;F8;U+13106;forepart of ram;;;;
ğ“„‡;F9;U+13107;leopardhead;"pá¸¥ty(""pehty"")";"Determinative or abbreviation for ""pehty""-(pá¸¥ty), ""strength""";;
ğ“„ˆ;F10;U+13108;head and neck of animal;;;;
ğ“„‰;F11;U+13109;head and neck of animal;;;;
ğ“„Š;F12;U+1310A;head and neck of animal;;;;
ğ“„‹;F13;U+1310B;horns;up(wp)--(bil.);"""open"", the New Year Festival, (Opening the Year)";;
ğ“„Œ;F13A;U+1310C;horns;;;;
ğ“„;F14;U+1310D;horns with palm branch;up-rnp-t;(see: Renpet);;
ğ“„;F15;U+1310E;horns with palm branch and sun;;;;
ğ“„;F16;U+1310F;horn;;;;
ğ“„;F17;U+13110;horn and vase from which water flows;;;;
ğ“„‘;F18;U+13111;tusk;;;;
ğ“„’;F19;U+13112;lower jaw-bone of ox;;;;
ğ“„“;F20;U+13113;tongue;ns--(bil.);1. Egyp. bil. ns. 2. A-tongue, and related words for speech;;
ğ“„”;F21;U+13114;ear of bovine;;;;
ğ“„•;F21A;U+13115;hieratic ear of bovine;;;;
ğ“„–;F22;U+13116;hind-quarters of lion;pá¸¥--(bil.);1. ideas of 'physical force', and 'strength, (from the legs of the hindparts);;
;;;;;;;
;;;;;;;
ğ“„—;F23;U+13117;forelegof ox;"(kh)pshkhpÅ¡-(á¸«pÅ¡)(""khepeÅ¡"")";1. (kh)p(sh), khepesh;;
ğ“„˜;F24;U+13118;F23 reversed;;;;
ğ“„™;F25;U+13119;leg ofox;(uhm)-(whm)wá¸¥m--(tril.);"1. meanings of: ""repeat, repetition""2. Tril. for wá¸¥m";;
ğ“„š;F26;U+1311A;skin of goat;;;;
ğ“„›;F27;U+1311B;skin of cow with bent tail;;;;
ğ“„œ;F28;U+1311C;skin of cow with straight tail;;;;
ğ“„;F29;U+1311D;cow's skin pierced by arrow;stut-stiut;piercing rayssee ubn, (sun-with-rays);;
ğ“„;F30;U+1311E;water-skin;(sh)dw-(Å¡du)(sh)d-(Å¡d);"1. Determinative for (sh)dw-(Å¡du), ""belly""";;
ğ“„Ÿ;F31;U+1311F;three skins tied together;ms;"Bil. ms, ""born"", ""born-of""";;
ğ“„ ;F31A;U+13120;three skins tied together;;;;
ğ“„¡;F32;U+13121;animal's belly;;;;
ğ“„¢;F33;U+13122;tail;sd;"1. Determinative for sd, ""tail""";;
ğ“„£;F34;U+13123;heart;ib;"Ideogram or det. for ib, ""heart""";;
ğ“„¤;F35;U+13124;heart andwindpipe;nfr--(tril.);"Egyptian triliteral sign for nfr, (beauty), or ""perfect""";;
ğ“„¥;F36;U+13125;lung and windpipe;sma(smêœ£)--(tril.);"Egyptian ""lung"", sma-(smêœ£)";;
ğ“„¦;F37;U+13126;backbone and ribs and spinal cord;(sh)'tÅ¡'t;wounds, slaughter, carnage;;
ğ“„§;F37A;U+13127;backbone and ribs;;;;
ğ“„¨;F38;U+13128;backbone and ribs;;;;
ğ“„©;F38A;U+13129;backbone and ribs and spinal cord;;;;
ğ“„ª;F39;U+1312A;backbone and spinal cord;;;;
ğ“„«;F40;U+1312B;backbone and spinal cords;êœ£u--(bil.);to be long, length, to extendPharaoh: Extent of Happiness-(for Egypt-Land),     , (on Reliefs)(i.e. the Welfare of the Nation);;
;;;;;;;
;;;;;;;
ğ“„¬;F41;U+1312C;vertebrae;;;;
ğ“„­;F42;U+1312D;rib;;;;
ğ“„®;F43;U+1312E;ribs;;;;
ğ“„¯;F44;U+1312F;bone with meat;isuiw', iwswt;"1. Phoneme, isu-""Reward"". 2. Determinative for thigh bone, iw' -""Heir"", Inheritance, Ancestry, (phonetic iw. Also, tibia, swt.";;
ğ“„°;F45;U+13130;uterus;;;;
ğ“„±;F45A;U+13131;uterus;;;;
ğ“„²;F46;U+13132;intestine;p(kh)ar, rrutchb;Egyptian language, utchb;;
ğ“„³;F46A;U+13133;intestine;;;;
ğ“„´;F47;U+13134;intestine;;;;
ğ“„µ;F47A;U+13135;intestine;;;;
ğ“„¶;F48;U+13136;intestine;;;;
ğ“„·;F49;U+13137;intestine;;;;
ğ“„¸;F50;U+13138;combination of F46 and S29;sp(kh)r;to write, to engrave;;
ğ“„¹;F51;U+13139;piece of flesh;;;;
ğ“„º;F51A;U+1313A;three pieces of flesh horizontally;;;;
ğ“„»;F51B;U+1313B;three pieces of flesh vertically;;;;
ğ“„¼;F51C;U+1313C;F51 reversed;;;;
ğ“„½;F52;U+1313D;excrement;á¸¥s;"Determinative in hs-(á¸¥s), ""excrement""";;
ğ“„¾;F53;U+1313E;divine rod with ram head;;;;
ğ“„¿;G1;U+1313F;Egyptian vulture;êœ£;uniliteral sign representing Egyptian alef;;
ğ“…€;G2;U+13140;two Egyptian vultures;;;;
ğ“…;G3;U+13141;combination of Egyptian vulture and sickle;;;;
ğ“…‚;G4;U+13142;buzzard;tyu;Tril. tyu;;
ğ“…ƒ;G5;U+13143;falcon;á¸¥r;Horus;;
;;;;;;;
;;;;;;;
ğ“…„;G6;U+13144;combination of falcon and flaggellum;;;;
ğ“……;G6A;U+13145;falcon on basket;;;;
ğ“…†;G7;U+13146;falcon on standard;;;;
ğ“…‡;G7A;U+13147;falcon in boat;;;;
ğ“…ˆ;G7B;U+13148;falcon in boat;;;;
ğ“…‰;G8;U+13149;falcon on collar of beads;;;;
ğ“…Š;G9;U+1314A;falcon with sun on head;;;;
ğ“…‹;G10;U+1314B;falcon in Sokar barque;;;;
ğ“…Œ;G11;U+1314C;image of falcon;;;;
ğ“…;G11A;U+1314D;image of falcon on standard;;;;
ğ“…;G12;U+1314E;combination of image of falcon and flagellum;;;;
ğ“…;G13;U+1314F;image of falcon with two plumes;;;;
ğ“…;G14;U+13150;vulture;;;;
ğ“…‘;G15;U+13151;combination of vulture and flagellum;;;;
ğ“…’;G16;U+13152;vulture and cobra each on a basket;;;;
ğ“…“;G17;U+13153;owl;m(vertical);Unil. m;;
ğ“…”;G18;U+13154;two owls;;;;
ğ“…•;G19;U+13155;combination of owl and forearm with conical loaf;;;;
ğ“…–;G20;U+13156;combination of owl and forearm;;;;
ğ“…—;G20A;U+13157;combination of owl and mouth;;;;
ğ“…˜;G21;U+13158;guinea-fowl;ná¸¥--(bil.);1. Egyp. bil. ná¸¥, for the bird;;
ğ“…™;G22;U+13159;hoopoe;;;;
ğ“…š;G23;U+1315A;lawping;;;;
ğ“…›;G24;U+1315B;lawping with twisted wings;;;;
ğ“…œ;G25;U+1315C;northern bald ibis;3(kh)(3á¸«)--(bil.);Bil. êœ£(kh), for the 'divine';;
ğ“…;G26;U+1315D;sacred Ibis on standard;á¸á¸¥uti;God Thoth, the god of scribes;;
ğ“…;G26A;U+1315E;sacred Ibis;;;;
ğ“…Ÿ;G27;U+1315F;flamingo;;;;
ğ“… ;G28;U+13160;glossy ibis;gm--(bil.);to find, or to discover;;
ğ“…¡;G29;U+13161;saddle-billed stork;bA--(bil.);|;;
ğ“…¢;G30;U+13162;three saddle-billed storks;bAiu;divine souls, souls of gods;;
ğ“…£;G31;U+13163;heron;bnw(bnu);1. the heron-like Bennu;;
ğ“…¤;G32;U+13164;heron on perch;;;;
ğ“…¥;G33;U+13165;cattle egret;;;;
ğ“…¦;G34;U+13166;ostrich;;;;
ğ“…§;G35;U+13167;cormorant;;;;
ğ“…¨;G36;U+13168;swallow;ur(wr)--(bil.);bil. wr;;
ğ“…©;G36A;U+13169;swallow (low);;;;
ğ“…ª;G37;U+1316A;sparrow;;;;
ğ“…«;G37A;U+1316B;sparrow (low);;;;
ğ“…¬;G38;U+1316C;white-fronted goose;s3, s3-t--(bil.);"1. ""son of"", ""daughter of"", sa, sa-t";;
ğ“…­;G39;U+1316D;pintail;;;;
ğ“…®;G40;U+1316E;pintail flying;p3--(bil.);Ideogram and bil. for pêœ£, to fly;;
ğ“…¯;G41;U+1316F;pintail alighting;;;;
ğ“…°;G42;U+13170;widgeon;;;;
ğ“…±;G43;U+13171;quail chick;wu;1. Unil. w, or u;;
;;;;;;;
;;;;;;;
ğ“…²;G43A;U+13172;combination of quail chick and flat loaf;;;;
ğ“…³;G44;U+13173;two quail chicks;;;;
ğ“…´;G45;U+13174;combination of quail chick and forearm;;;;
ğ“…µ;G45A;U+13175;combination of quail chick and forearm with conical loaf;;;;
ğ“…¶;G46;U+13176;combination of quail chick and sickle;;;;
ğ“…·;G47;U+13177;duckling;tjêœ£t_êœ£--(bil.);Bil. (tsh)êœ£, t_êœ£, for 'baby bird', duckling;;
ğ“…¸;G48;U+13178;three ducklings in nest;;;;
ğ“…¹;G49;U+13179;three ducklings in pool;;;;
ğ“…º;G50;U+1317A;two plovers;;;;
ğ“…»;G51;U+1317B;bird pecking at fish;;;;
ğ“…¼;G52;U+1317C;goose picking up grain;;;;
ğ“…½;G53;U+1317D;human-headed bird with bowl with smoke;Ba;Ba;;
ğ“…¾;G54;U+1317E;plucked bird;u(sh)n(phon.-sn(tj));"1. Determinative for u(sh)n, (wÅ¡n), Egyptian: ""twist the neck (of a bird)""";;
ğ“…¿;H1;U+1317F;head of pintail;apd3pd;"1. an abbreviation for êœ£pd, ""bird""";;
ğ“†€;H2;U+13180;head of crested bird;pq;1. Phoneme for pq;;
H2a(head ofduck(one type));H2a;(head;of;duck;(one;type));
H2a;(head;of;duck;(one;type));;
(cloth apparelcoveringetcÂ );;;(cloth;apparel;covering;etc;)
;;(cloth;apparel;covering;etc;);
;;;;;;;
ğ“†;H3;U+13181;head of spoonbill;;;;
ğ“†‚;H4;U+13182;head of vulture;;;;
ğ“†ƒ;H5;U+13183;wing;a.-á¸ná¸¥b.-dná¸¥;wing;;
ğ“†„;H6;U+13184;feather;(Sh)u-Å u;Goddess Shu;;
ğ“†…;H6A;U+13185;hieratic feather;;;;
ğ“††;H7;U+13186;claw;;;;
ğ“†‡;H8;U+13187;egg;swá¸¥tsuá¸¥t;det. for feminine in goddess names, wives, etc.;;
ğ“†ˆ;I1;U+13188;gecko;'(sh)a 'Å¡3--(tril.);"1. ""multitudes"", (=the populace, etc.)";;
ğ“†‰;I2;U+13189;turtle;(sh)tÅ¡t;turtle;;
ğ“†Š;I3;U+1318A;crocodile;;;;
ğ“†‹;I4;U+1318B;crocodileon shrine;sbk;Ideogram of det. for sbk, (Sobek);;
ğ“†Œ;I5;U+1318C;crocodile with curved tail;;;;
ğ“†;I5A;U+1318D;image of crocodile;;;;
ğ“†;I6;U+1318E;crocodile scales;;;;
ğ“†;I7;U+1318F;frog;á¸¥qt(bá¸«n' and qrr);Determinative, frog;;
ğ“†;I8;U+13190;tadpole;á¸¥fn100,000;100;;
ğ“†‘;I9;U+13191;horned viper;f;1. Uniliteral f;;
ğ“†’;I9A;U+13192;horned viper crawling out of enclosure;;;;
ğ“†“;I10;U+13193;cobra;á¸dtchd;to speak;;
ğ“†”;I10A;U+13194;cobra with feather;;;;
ğ“†•;I11;U+13195;two cobras;;;;
ğ“†–;I11A;U+13196;combination of cobra, flat loaf and sandy tract;;;;
ğ“†—;I12;U+13197;erect cobra;i'r-t;Uraeus;;
ğ“†˜;I13;U+13198;erect cobra on basket;;;;
ğ“†™;I14;U+13199;snake;;;;
ğ“†š;I15;U+1319A;snake;;;;
ğ“†›;K1;U+1319B;tilapia;int, in--(bil.)-in;Egyptian biliteral sign jn;;
ğ“†œ;K2;U+1319C;barbel;;;;
ğ“†;K3;U+1319D;mullet;;;;
ğ“†;K4;U+1319E;elephant-snout fish;(kh)a-á¸«êœ£;1. Phonetic value (kh)a-((kh)êœ£), from name, ideogram (kh)it-(á¸«it);;
ğ“†Ÿ;K5;U+1319F;Petrocephalus bane;;;;
ğ“† ;K6;U+131A0;fish scale;;;;
ğ“†¡;K7;U+131A1;puffer;;;;
ğ“†¢;K8;U+131A2;catfish;;;;
ğ“†£;L1;U+131A3;dung beetle;(kh)-p-r;See: Scarab (artifact)See: God Khepri;;
ğ“†¤;L2;U+131A4;bee;bj;see nswt-bjt;;
ğ“†¥;L2A;U+131A5;combination of bee, sedge and two flat loafs;;;;
ğ“†¦;L3;U+131A6;fly;;;;
ğ“†§;L4;U+131A7;locust;;;;
ğ“†¨;L5;U+131A8;centipede;;;;
ğ“†©;L6;U+131A9;shell;;;;
ğ“†ª;L6A;U+131AA;L6 reversed;;;;
ğ“†«;L7;U+131AB;scorpion;;;;
ğ“†¬;L8;U+131AC;;;;;
ğ“†­;M1;U+131AD;tree;;;;
ğ“†®;M1A;U+131AE;combination of tree and branch;;;;
ğ“†¯;M1B;U+131AF;combination of tree and horned viper;;;;
ğ“†°;M2;U+131B0;plant;á¸¥n-(from á¸¥ni)is-(from isw);1. Determinative for various plants or flowers;;
ğ“†±;M3;U+131B1;branch;(kh)tá¸«t;1. Bil. (kh)t;;
ğ“†²;M3A;U+131B2;combination of owl and branch;;;;
ğ“†³;M4;U+131B3;palm branch;;;;
ğ“†´;M5;U+131B4;combination of palm branch and flat loaf;;;;
ğ“†µ;M6;U+131B5;combination of palm branch and mouth;;;;
ğ“†¶;M7;U+131B6;combination of palm branch and stool;;;;
ğ“†·;M8;U+131B7;pool with lotus flowers;Å¡3-(sh)a;"1. Ideogram & Phoneme for Å¡3-(sh)a, ""flooded country""";;
ğ“†¸;M9;U+131B8;lotus flower;sÅ¡n(also snÅ¡n);A. Ideogram or det. in sÅ¡n, lotus flower;;
ğ“†¹;M10;U+131B9;lotus bud with straight stem;;;;
ğ“†º;M10A;U+131BA;lotus bud with winding stem;;;;
ğ“†»;M11;U+131BB;flower on long twisted stalk;utnwtn;an offering, gift;;
ğ“†¼;M12;U+131BC;one lotus plant;1000(kh)a-á¸«êœ£;"Ideogram for (kh)a-(á¸«êœ£), a part of the ""lotus""";;
ğ“†½;M12A;U+131BD;two lotus plants;2000;;;
ğ“†¾;M12B;U+131BE;three lotus plants;3000;;;
ğ“†¿;M12C;U+131BF;four lotus plants;4000;;;
ğ“‡€;M12D;U+131C0;five lotus plants;5000;;;
ğ“‡;M12E;U+131C1;six lotus plants;6000;;;
ğ“‡‚;M12F;U+131C2;seven lotus plants;7000;;;
ğ“‡ƒ;M12G;U+131C3;eight lotus plants;8000;;;
ğ“‡„;M12H;U+131C4;nine lotus plants;9000;;;
ğ“‡…;M13;U+131C5;papyrusstem;u3á¸(tril.);Tril. wêœ£á¸;;
ğ“‡†;M14;U+131C6;combination of papyrus and cobra;;;;
ğ“‡‡;M15;U+131C7;clump of papyrus with buds;;;;
ğ“‡ˆ;M15A;U+131C8;combination of clump of papyrus with buds and village;;;;
ğ“‡‰;M16;U+131C9;clump of papyrus;;;;
ğ“‡Š;M16A;U+131CA;combination of clump of papyrus and village;;;;
ğ“‡‹;M17;U+131CB;reed;y;alphabetic uniliteral vowel y;;
ğ“‡Œ;M17A;U+131CC;two reeds;;;;
ğ“‡;M18;U+131CD;combination of reed and legs walking;i(i)it;combined sound-sign, determinative for i(+i);;
ğ“‡;M19;U+131CE;heaped conical cakes between reed and club;;;;
ğ“‡;M20;U+131CF;field of reeds;;;;
ğ“‡;M21;U+131D0;reeds with root;;;;
ğ“‡‘;M22;U+131D1;rush;--;--;;
ğ“‡’;M22A;U+131D2;two rushes;;;;
ğ“‡“;M23;U+131D3;sedge;sw;see nswt-bjt;;
ğ“‡”;M24;U+131D4;combination of sedge and mouth;;;;
ğ“‡•;M24A;U+131D5;lily;;;;
ğ“‡–;M25;U+131D6;combination of flowering sedge and mouth;rs;Upper Egypt. Also, the South.;;
ğ“‡—;M26;U+131D7;floweringsedge;(sh)m'uÅ¡m'w;flowering rush;;
;;;;;;;
;;;;;;;
;;;;;;;
;;;;;;;
ğ“‡˜;M27;U+131D8;combination of flowering sedge and forearm;;;;
ğ“‡™;M28;U+131D9;combination of flowering sedge and hobble;;;;
ğ“‡š;M28A;U+131DA;three lilies on village;;;;
ğ“‡›;M29;U+131DB;seed-pod;ná¸m--(tril.);"1. Ideogram for types of tree ná¸m, and ""sweet"", ná¸m";;
ğ“‡œ;M30;U+131DC;root;bnri;Ideogram or det. for bnr, sweet, date;;
ğ“‡;M31;U+131DD;rhizome;;;;
ğ“‡;M31A;U+131DE;tree in vase;;;;
ğ“‡Ÿ;M32;U+131DF;rhizome;;;;
ğ“‡ ;M33;U+131E0;3 grains horizontally;;;;
ğ“‡¡;M33A;U+131E1;3 grains vertically;;;;
ğ“‡¢;M33B;U+131E2;3 grains in triangular arrangement;;;;
ğ“‡£;M34;U+131E3;ear of emmer;;;;
ğ“‡¤;M35;U+131E4;stack(of grain);(kh)ty 'á¸¥'-'á¸¥'u;"Determinative in 1.  'á¸¥'-'á¸¥'u, for ""stack-(of grain)""";;
ğ“‡¥;M36;U+131E5;bundle of flax;1-á¸rmany wordconstructs2-dma--(bil.)-á¸r;1. Bil. & phoneme for á¸r;;
ğ“‡¦;M37;U+131E6;bundle of flax;;;;
ğ“‡§;M38;U+131E7;wide bundle of flax;;;;
ğ“‡¨;M39;U+131E8;basket of fruit or grain;1-[á¸r]2-dma-(to-gather)--(bil.)á¸r-(equivalent);"1. see ""Bundle of Flax""";;
;;;;;;;
;;;;;;;
ğ“‡©;M40;U+131E9;bundle of reeds;;;;
ğ“‡ª;M40A;U+131EA;bundle of reeds;;;;
ğ“‡«;M41;U+131EB;piece of wood;;;;
ğ“‡¬;M42;U+131EC;flower;;;;
ğ“‡­;M43;U+131ED;vine on trellis;;;;
ğ“‡®;M44;U+131EE;thorn;spdsrt;"Determinative for spd, ""readiness"", sharp, pointed, etc.";;
ğ“‡¯;N1;U+131EF;sky;pt;sky, (or heaven), and often used as God/Pharaoh XXXX, Lord of Sky/Heaven, hieroglyph block:;;
;;;;;;;
;;;;;;;
ğ“‡°;N2;U+131F0;sky with sceptre;;;;
ğ“‡±;N3;U+131F1;sky with sceptre;grá¸¥;night, darkness;;
ğ“‡²;N4;U+131F2;sky with rain;;;;
ğ“‡³;N5;U+131F3;sun;;Ra/Re  ( Every pharaoh's prenomen has 'Re' in it, the name of the sun god (sometimes written 'Ra').;;
ğ“‡´;N6;U+131F4;sun with uraeus;;;;
ğ“‡µ;N7;U+131F5;combination of sun and butcher's block;;;;
ğ“‡¶;N8;U+131F6;sunshine;;see sun-shining-with-rays (hieroglyph);;
ğ“‡·;N9;U+131F7;moon with lower half obscured;;;;
ğ“‡¸;N10;U+131F8;moon with lower section obscured;;;;
ğ“‡¹;N11;U+131F9;crescent moon;i'á¸¥;"1. Det. ""moon""";;
;;;;;;;
;;;;;;;
ğ“‡º;N12;U+131FA;crescent moon;;;;
ğ“‡»;N13;U+131FB;combination of crescent moon and star;;;;
ğ“‡¼;N14;U+131FC;star;sb3dw3(tril.)-dwêœ£(tril.)-sbêœ£;"Ideogram or det. for sba-(sbêœ£), ""star""";;
ğ“‡½;N15;U+131FD;star in circle;dwêœ£t;Otherworld, the Duat;;
ğ“‡¾;N16;U+131FE;land with grains;têœ£;"Biliteral têœ£  ""land"", ""country"", etc.";;
ğ“‡¿;N17;U+131FF;land;;variant of N16;;
ğ“ˆ€;N18;U+13200;sandy tract;;;;
ğ“ˆ;N18A;U+13201;combination of sandy tract andripple of water;;;;
ğ“ˆ‚;N18B;U+13202;combination of roll of breadand bolt;;;;
ğ“ˆƒ;N19;U+13203;two sandy tracts;têœ£wy;"in á¸¥rw têœ£Å¡(w) têœ£wy ""Horus who joins the two lands""";;
ğ“ˆ„;N20;U+13204;tongue of land;;;;
ğ“ˆ…;N21;U+13205;short tongue of land;;;;
ğ“ˆ†;N22;U+13206;broad tongue of land;;;;
ğ“ˆ‡;N23;U+13207;irrigation canal;;;;
ğ“ˆˆ;N24;U+13208;irrigation canal system;spêœ£t;spêœ£t;;
ğ“ˆ‰;N25;U+13209;three hills;;;;
ğ“ˆŠ;N25A;U+1320A;three hills (low);;;;
ğ“ˆ‹;N26;U+1320B;two hills;á¸w--(bil.);"Bil. â€˜â€™á¸w, for ""mountain""";;
ğ“ˆŒ;N27;U+1320C;sun over mountain;a(kh)têœ£á¸«t;"Ideogram for a(kh)t-(êœ£á¸«t), ""horizon""";;
ğ“ˆ;N28;U+1320D;rays of sun over hill;(kh)'á¸«';Bil. (kh)' , á¸«';;
ğ“ˆ;N29;U+1320E;slope of hill;;;;
ğ“ˆ;N30;U+1320F;mound of earth;;;;
ğ“ˆ;N31;U+13210;road with shrubs;;;;
ğ“ˆ‘;N32;U+13211;lump of clay;;;;
ğ“ˆ’;N33;U+13212;grain;;;;
ğ“ˆ“;N33A;U+13213;three grains;;;;
ğ“ˆ”;N34;U+13214;ingot of metal;;;;
ğ“ˆ•;N34A;U+13215;ingot of metal;;;;
ğ“ˆ–;N35;U+13216;ripple of water;;The letter n (+of,by);;
ğ“ˆ—;N35A;U+13217;three ripples of water;;;;
ğ“ˆ˜;N36;U+13218;canal;mr;mr-(Beloved of XX);;
ğ“ˆ™;N37;U+13219;pool;(sh)Å¡;uniliteral (sh)-Å¡, a pool;;
ğ“ˆš;N37A;U+1321A;pool;;;;
ğ“ˆ›;N38;U+1321B;deep pool;;;;
ğ“ˆœ;N39;U+1321C;pool with water;1.-inr2.-dbt-á¸btdby-t-plinth;"1. block of stone, (or brick, etc.)2. Ideogram or det. in inr for ""stone"", ""block"", etc.3. Det. in types of building stones or types of minerals";;
ğ“ˆ;N40;U+1321D;poolwith legs;--;pool with walking legs;;
ğ“ˆ;N41;U+1321E;well with ripple of water;á¸¥mtbi3;Phonemes for á¸¥mt, biêœ£;;
ğ“ˆŸ;N42;U+1321F;well with line of water;;;;
ğ“ˆ ;NL1;U+13220;;;1st  Nome of Lower Egypt (NL001), Aneb-Hetch;;
ğ“ˆ¡;NL2;U+13221;;;2nd  Nome of Lower Egypt (NL002);;
ğ“ˆ¢;NL3;U+13222;;;3rd  Nome of Lower Egypt (NL003)Wetjes-Hor;;
ğ“ˆ£;NL4;U+13223;;;Nome of Lower Egypt (NL004);;
ğ“ˆ¤;NL5;U+13224;;;Nome of Lower Egypt (NL005);;
ğ“ˆ¥;NL5a;U+13225;;;5th Nome of Lower Egypt (NL005A);;
ğ“ˆ¦;NL6;U+13226;;;Nome of Lower Egypt (NL006);;
ğ“ˆ§;NL7;U+13227;;;Nome of Lower Egypt (NL007);;
ğ“ˆ¨;NL8;U+13228;;;Nome of Lower Egypt (NL008);;
ğ“ˆ©;NL9;U+13229;;;Nome of Lower Egypt (NL009);;
ğ“ˆª;NL10;U+1322A;;;Nome of Lower Egypt (NL010);;
ğ“ˆ«;NL11;U+1322B;;;Nome of Lower Egypt (NL011);;
ğ“ˆ¬;NL12;U+1322C;;;Nome of Lower Egypt (NL012);;
ğ“ˆ­;NL13;U+1322D;;;Nome of Lower Egypt (NL013);;
ğ“ˆ®;NL14;U+1322E;;;Nome of Lower Egypt (NL014);;
ğ“ˆ¯;NL15;U+1322F;;;Nome of Lower Egypt (NL015);;
ğ“ˆ°;NL16;U+13230;;;Nome of Lower Egypt (NL016);;
ğ“ˆ±;NL17;U+13231;;;Nome of Lower Egypt (NL017);;
ğ“ˆ²;NL17a;U+13232;;;Nome of Lower Egypt (NL017A);;
ğ“ˆ³;NL18;U+13233;;;Nome of Lower Egypt (NL018);;
ğ“ˆ´;NL19;U+13234;;;Nome of Lower Egypt (NL019);;
ğ“ˆµ;NL20;U+13235;;;Nome of Lower Egypt (NL020);;
ğ“ˆ¶;NU1;U+13236;;;1st  Nome of Upper Egypt (NU001)Ta-Seti;;
ğ“ˆ·;NU2;U+13237;;;2nd Nome of Upper Egypt (NU002);;
ğ“ˆ¸;NU3;U+13238;;;3rd Nome of Upper Egypt (NU003)Nekhen (nome);;
ğ“ˆ¹;NU4;U+13239;;;Nome of Upper Egypt (NU004);;
ğ“ˆº;NU5;U+1323A;;;Nome of Upper Egypt (NU005)Nomos of HarawÃ®;;
ğ“ˆ»;NU6;U+1323B;;;Nome of Upper Egypt (NU006);;
ğ“ˆ¼;NU7;U+1323C;;;Nome of Upper Egypt (NU007);;
ğ“ˆ½;NU8;U+1323D;;;Nome of Upper Egypt (NU008);;
ğ“ˆ¾;NU9;U+1323E;;;Nome of Upper Egypt (NU009);;
ğ“ˆ¿;NU10;U+1323F;;;Nome of Upper Egypt (NU010);;
ğ“‰€;NU10a;U+13240;;;Nome of Upper Egypt (NU010A);;
ğ“‰;NU11;U+13241;;;Nome of Upper Egypt (NU011);;
ğ“‰‚;NU11a;U+13242;;;Nome of Upper Egypt (NU011A);;
ğ“‰ƒ;NU12;U+13243;;;Nome of Upper Egypt (NU012);;
ğ“‰„;NU13;U+13244;;;Nome of Upper Egypt (NU013);;
ğ“‰…;NU14;U+13245;;;Nome of Upper Egypt (NU014);;
ğ“‰†;NU15;U+13246;;;Nome of Upper Egypt (NU015);;
ğ“‰‡;NU16;U+13247;;;Nome of Upper Egypt (NU016);;
ğ“‰ˆ;NU17;U+13248;;;Nome of Upper Egypt (NU017);;
ğ“‰‰;NU18;U+13249;;;Nome of Upper Egypt (NU018);;
ğ“‰Š;NU18a;U+1324A;;;Nome of Upper Egypt (NU018A);;
ğ“‰‹;NU19;U+1324B;;;Nome of Upper Egypt (NU019);;
ğ“‰Œ;NU20;U+1324C;;;Nome of Upper Egypt (NU020);;
ğ“‰;NU21;U+1324D;;;Nome of Upper Egypt (NU021);;
ğ“‰;NU22;U+1324E;;;Nome of Upper Egypt (NU022);;
ğ“‰;NU22a;U+1324F;;;Nome of Upper Egypt (NU022A);;
ğ“‰;O1;U+13250;house;pr--(bil.);bil. pr;;
ğ“‰‘;O1A;O1A;O1A;U+13251;combination of house and sandle-strap;;
O1A;O1A;;;;;;
O1A;;;;;;;
ğ“‰’;O2;U+13252;combination of house and mace with round head;;;;
ğ“‰“;O3;U+13253;combination of house, oar, tall loaf and beer jug;;;;
ğ“‰”;O4;U+13254;shelter;h;1. first alphabetic h;;
;;;;;;;
;;;;;;;
ğ“‰•;O5;U+13255;winding wall from upper-left corner;;;;
ğ“‰–;O5A;U+13256;winding wall from lower-left corner;;;;
ğ“‰—;O6;U+13257;enclosure;á¸¥ut;1. Ideogram for hwt-(á¸¥ut), palace, temple, tomb;;
;;;;;;;
;;;;;;;
ğ“‰˜;O6A;U+13258;opening of á¸¥wt-enclosure;;;;
ğ“‰™;O6B;U+13259;opening of á¸¥wt-enclosure;;;;
ğ“‰š;O6C;U+1325A;opening of á¸¥wt-enclosure;;;;
ğ“‰›;O6D;U+1325B;closing of á¸¥wt-enclosure;;;;
ğ“‰œ;O6E;U+1325C;closing of á¸¥wt-enclosure;;;;
ğ“‰;O6F;U+1325D;closing of á¸¥wt-enclosure;;;;
ğ“‰;O7;U+1325E;combination of enclosure and flat loaf;;;;
ğ“‰Ÿ;O8;U+1325F;combination of enclosure, flat loaf and wooden column;;;;
ğ“‰ ;O9;U+13260;combination of enclosure, flat loaf and basket;;;;
ğ“‰¡;O10;U+13261;combination of enclosure and falcon;;;;
ğ“‰¢;O10A;U+13262;combination of enclosure and sandle-strap;;;;
ğ“‰£;O10B;U+13263;combination of enclosure and bee;;;;
ğ“‰¤;O10C;U+13264;combination of shrine in profile and face;;;;
ğ“‰¥;O11;U+13265;palace;'á¸¥;"1. Ideogram,  'h-('á¸¥), ""palace""";;
;;;;;;;
;;;;;;;
ğ“‰¦;O12;U+13266;combination of palace and forearm;;;;
ğ“‰§;O13;U+13267;battlemented enclosure;;;;
ğ“‰¨;O14;U+13268;part of battlemented enclosure;;;;
ğ“‰©;O15;U+13269;enclosure with cup and flat loaf;;;;
ğ“‰ª;O16;U+1326A;gateway with serpents;;;;
ğ“‰«;O17;U+1326B;open gateway with serpents;;;;
ğ“‰¬;O18;U+1326C;shrine in profile;;;;
ğ“‰­;O19;U+1326D;shrine with fence;;;;
ğ“‰®;O19A;U+1326E;shrine;;;;
ğ“‰¯;O20;U+1326F;shrine;;;;
ğ“‰°;O20A;U+13270;shrine;;;;
ğ“‰±;O21;U+13271;faÃ§ade of shrine;;;;
ğ“‰²;O22;U+13272;booth with pole;;;;
ğ“‰³;O23;U+13273;double platform;;;;
ğ“‰´;O24;U+13274;pyramid;;;;
ğ“‰µ;O24A;U+13275;pedestal of sun temple;;;;
ğ“‰¶;O25;U+13276;obelisk;tá¸«n;Ideogram or det. for t(kh)n, obelisk;;
ğ“‰·;O25A;U+13277;obelisk and pedestal of sun temple;;;;
ğ“‰¸;O26;U+13278;stela;uá¸-wá¸'h'u-'á¸¥'w;1. Ideogram or det. for â€˜â€™wá¸, a stele;;
(similar) (variants);;(similar);;(variants);;;
;(similar);;(variants);;;;
;;;;;;;
;;;;;;;
ğ“‰¹;O27;U+13279;hall of columns;;;;
ğ“‰º;O28;U+1327A;column;;;;
ğ“‰»;O29;U+1327B;horizontal wooden column;;'Great'(wooden)-column;;
ğ“‰¼;O29A;U+1327C;vertical wooden column;;;;
ğ“‰½;O30;U+1327D;support;;;;
ğ“‰¾;O30A;U+1327E;four supports;;;;
ğ“‰¿;O31;U+1327F;door;'êœ£;1. Egyptian language, 'êœ£, equivalent to   Â  .2. Determinative, 'open';;
;;;;;;;
;;;;;;;
;;;;;;;
ğ“Š€;O32;U+13280;gateway;;;;
ğ“Š;O33;U+13281;faÃ§ade of palace;;;;
ğ“Š‚;O33A;U+13282;closing of srá¸«-enclosure;;;;
ğ“Šƒ;O34;U+13283;door bolt;s(horizontal);Unil. s, (the horizontal s);;
;;;;;;;
;;;;;;;
ğ“Š„;O35;U+13284;combination of bolt and legs;;;;
ğ“Š…;O36;U+13285;wall;inb;"1. Ideogram or det. for inb, ""wall""";;
ğ“Š†;O36A;U+13286;opening of oval fortified wall enclosure;;;;
ğ“Š‡;O36B;U+13287;closing of oval fortified wall enclosure;;;;
ğ“Šˆ;O36C;U+13288;opening of square fortified wall enclosure;;;;
ğ“Š‰;O36D;U+13289;closure of square fortified wall enclosure;;;;
ğ“ŠŠ;O37;U+1328A;falling wall;;;;
ğ“Š‹;O38;U+1328B;corner of wall;;;;
ğ“ŠŒ;O39;U+1328C;stone;;;;
ğ“Š;O40;U+1328D;stair single;--;a determinative;;
ğ“Š;O41;U+1328E;double stairway;q3, q33, q3i;1. Determinative for qêœ£-(constructs): high ground, hill, high place;;
ğ“Š;O42;U+1328F;fence;(sh)spÅ¡sp;tril. (sh)sp-Å¡sp-(shesep);;
ğ“Š;O43;U+13290;low fence;;;;
ğ“Š‘;O44;U+13291;emblem of Min;iaut-i3wt;"1. Ideogram or det. for iaut-(iêœ£wt), for ""post"", ""office"", ""position"", etc.";;
ğ“Š’;O45;U+13292;domed building;;;;
ğ“Š“;O46;U+13293;domed building;;;;
ğ“Š”;O47;U+13294;enclosed mound;;;;
ğ“Š•;O48;U+13295;enclosed mound;sp;time;;
;;;;;;;
;;;;;;;
ğ“Š–;O49;U+13296;village;;;;
ğ“Š—;O50;U+13297;threshing floor;sp(from spt);Biliteral sp;;
;;;;;;;
;;;;;;;
ğ“Š˜;O50A;U+13298;hieratic threshing floor;;;;
ğ“Š™;O50B;U+13299;O50A reversed;;;;
ğ“Šš;O51;U+1329A;pile of grain;(sh)nutÅ¡nwt;"Ideo. or det., Å¡nwt-(sh)nut, ""granary""";;
ğ“Š›;P1;U+1329B;boat;;;;
ğ“Šœ;P1A;U+1329C;boat upside down;;;;
ğ“Š;P2;U+1329D;ship under sail;;;;
ğ“Š;P3;U+1329E;sacred barque;;;;
ğ“ŠŸ;P3A;U+1329F;sacred barque without steering oar;;;;
ğ“Š ;P4;U+132A0;boat with net;;;;
ğ“Š¡;P5;U+132A1;sail;;;;
ğ“Š¢;P6;U+132A2;mast;'h' ( 'á¸¥' )--(tril.);"Triliteral  'h' , ""to erect""";;
ğ“Š£;P7;U+132A3;combination of maste and forearm;;;;
ğ“Š¤;P8;U+132A4;oar;1-(kh)ru-(á¸«rw)2-wsr;"1. Determinative for usr-(wsr), ""oar""";;
ğ“Š¥;P9;U+132A5;combination of oar and horned viper;;;;
ğ“Š¦;P10;U+132A6;rudder;á¸¥mwhmu-hmw;"Determinative, hmu-(á¸¥mw), for ""rudder"" and related words";;
ğ“Š§;P11;U+132A7;mooringpost;mnit;"1. Determinative in mnit, the ""mooring post"", or related words.";;
ğ“Š¨;Q1;U+132A8;seatthrone;st(also is-t)-(constructs)(is-t=st);Ideogram for st, seat, throne, place;;
ğ“Š©;Q2;U+132A9;carryingchair;--;Ideogram for êœ£sir, the God Osiris;;
ğ“Šª;Q3;U+132AA;stool;;;;
ğ“Š«;Q4;U+132AB;headrest;urs;"A. Determinative for urs-(wrs), the ""headrest""";;
(one spelling);;;;;(one;spelling);
;;;;(one;spelling);;
ğ“Š¬;Q5;U+132AC;chest;;;;
ğ“Š­;Q6;U+132AD;sarcophagus;qrsu;Ideogram or det. for qrsw, sarcophagus;;
ğ“Š®;Q7;U+132AE;brazier;1.-Fire-Flame2.-Lamp3.-Brazier;"1. lamp 2. (see Fire-Flame)-(in progress) 3. ""Brazier"" 4. Egyptian language, (kh)êœ£bs, (for lamp, etc.-tied to (kh)êœ£bs, for ""star"", ""luminary""";;
ğ“Š¯;R1;U+132AF;high table with offerings;;;;
ğ“Š°;R2;U+132B0;table with slices of bread;;;;
ğ“Š±;R2A;U+132B1;high table with offerings;;;;
ğ“Š²;R3;U+132B2;low table with offerings;;;;
ğ“Š³;R3A;U+132B3;low table;;;;
ğ“Š´;R3B;U+132B4;low table with offerings (simplified);;;;
ğ“Šµ;R4;U+132B5;loaf on mat;á¸¥tp;(see Hotep-offering-tablet);;
ğ“Š¶;R5;U+132B6;narrow censer;;;;
ğ“Š·;R6;U+132B7;broad censer;;;;
ğ“Š¸;R7;U+132B8;bowl with smoke;;;;
ğ“Š¹;R8;U+132B9;Cloth on pole;ntjr;logogram of god;;
ğ“Šº;R9;U+132BA;combination of cloth on pole and bag;;;;
ğ“Š»;R10;U+132BB;combination of cloth on pole, butcher's block and slope of hill;;;;
ğ“Š¼;R10A;U+132BC;combination of cloth on pole and butcher's block;;;;
ğ“Š½;R11;U+132BD;reed column;á¸dtchd--(bil.);Djed;;
ğ“Š¾;R12;U+132BE;standard;;;;
ğ“Š¿;R13;U+132BF;falcon and feather on standard;;;;
ğ“‹€;R14;U+132C0;Emblemof the West;"imny-(""West"")unmy-(""right"")";Emblem of the WestIdeogram for imnt, west, (and similar);;
ğ“‹;R15;U+132C1;spear emblem;;;;
ğ“‹‚;R16;U+132C2;sceptre with feathers and string;;;;
ğ“‹ƒ;R16A;U+132C3;sceptre with feathers;;;;
ğ“‹„;R17;U+132C4;wig on pole;;;;
ğ“‹…;R18;U+132C5;combination of wig on pole and irrigation canal system;;;;
ğ“‹†;R19;U+132C6;scepter with feather;;;;
ğ“‹‡;R20;U+132C7;flower with horns;;Symbol representing the goddess Seshat;;
ğ“‹ˆ;R21;U+132C8;flower with horns;;;;
ğ“‹‰;R22;U+132C9;two narrow belemnites;;;;
ğ“‹Š;R23;U+132CA;two broad belemnites;;;;
ğ“‹‹;R24;U+132CB;two bows tied horizontally;nt;1. Ideogram or det. for name of Goddess Neith;;
ğ“‹Œ;R25;U+132CC;two bows tied vertically;;;;
ğ“‹;R26;U+132CD;combination of land, lung and windpipe, lily, and papyrus;;;;
ğ“‹;R27;U+132CE;two arrows crossed over a shield;;;;
ğ“‹;R28;U+132CF;Bat;;;;
ğ“‹;R29;U+132D0;niche with serpent;;;;
ğ“‹‘;S1;U+132D1;white crown;á¸¥á¸;see Hedjet;;
ğ“‹’;S2;U+132D2;combination of white crown and basket;;;;
ğ“‹“;S2A;U+132D3;combination of white crown and village;;;;
ğ“‹”;S3;U+132D4;red crown;n(vertical);see Deshret;;
ğ“‹•;S4;U+132D5;combination of red crown and basket;;;;
ğ“‹–;S5;U+132D6;Pschent Crown;--;for the Pharaoh, King of the Two Lands, (i.e. Upper and Lower Egypt);;
ğ“‹—;S6;U+132D7;combination of Pschent Crown and basket;;;;
ğ“‹˜;S6A;U+132D8;combination of red crown and village;;;;
ğ“‹™;S7;U+132D9;blue crown;(kh)prÅ¡(á¸«prÅ¡);khepresh-helmet;;
ğ“‹š;S8;U+132DA;Atefcrown;atf(3tf);Ideo. or det. for the crown êœ£tf-(atef);;
ğ“‹›;S9;U+132DB;shutitwo-featheradornment;(sh)uty-Å¡uty;two feathers, shuti two-feather adornment;;
ğ“‹œ;S10;U+132DC;headband;;;;
ğ“‹;S11;U+132DD;broad collar;;;;
ğ“‹;S12;U+132DE;collar of beads;nb(nub)--(bil.);bil. nb;;
ğ“‹Ÿ;S13;U+132DF;combination of collar of beads and foot;;;;
ğ“‹ ;S14;U+132E0;combination of collar of beads and mace with round head;;;;
ğ“‹¡;S14A;U+132E1;combination of collar of beads and sceptre;á¸'mtch'm;white-goldsee gold (hieroglyph);;
ğ“‹¢;S14B;U+132E2;combination of collar of beads and sceptre;;;;
ğ“‹£;S15;U+132E3;pectoral;;four props, the Four Pillars of Heaven;;
ğ“‹¤;S16;U+132E4;pectoral;;;;
ğ“‹¥;S17;U+132E5;pectoral;;;;
ğ“‹¦;S17A;U+132E6;girdle;;;;
ğ“‹§;S18;U+132E7;"""menatnecklaceandcounterpoise""";(mnit);"1. ""Menat and counterpoise""";;
ğ“‹¨;S19;U+132E8;sealwith necklace;--;sealwith necklace;;
ğ“‹©;S20;U+132E9;necklace with seal;manysee under:á¸b-to sealá¸b'i-t;1. (confer cylinder seal);;
ğ“‹ª;S21;U+132EA;ring;;;;
ğ“‹«;S22;U+132EB;shoulder-knot;;;;
ğ“‹¬;S23;U+132EC;two whipswith shen ring;dmá¸dmd-dmá¸or dnd-dná¸;"Ideogram and det. in dmá¸-(dmá¸), for ""to unite""";;
ğ“‹­;S24;U+132ED;girdle knot;tjs--(bil.);1. knot;;
ğ“‹®;S25;U+132EE;garment with ties;;;;
ğ“‹¯;S26;U+132EF;apron;;;;
ğ“‹°;S26A;U+132F0;apron;;;;
ğ“‹±;S26B;U+132F1;apron;;;;
ğ“‹²;S27;U+132F2;cloth with two strands;;;;
ğ“‹³;S28;U+132F3;cloth with fringe on top and folded cloth;;;;
ğ“‹´;S29;U+132F4;folded cloth;spdit;A. Sirius, Sothic cycle, Sothis;;
ğ“‹µ;S30;U+132F5;combination of folded cloth and horned viper;;;;
ğ“‹¶;S31;U+132F6;combination of folded cloth and sickle;;;;
ğ“‹·;S32;U+132F7;cloth with fringe on the side;;;;
ğ“‹¸;S33;U+132F8;sandle;;;;
ğ“‹¹;S34;U+132F9;lifesandle-strap;ankh 'n(kh) 'ná¸«--(tril.);Tril. 'n(kh);;
ğ“‹º;S35;U+132FA;sunshade;;;;
ğ“‹»;S35A;U+132FB;sunshade;;;;
ğ“‹¼;S36;U+132FC;sunshade;;;;
ğ“‹½;S37;U+132FD;fan;;;;
ğ“‹¾;S38;U+132FE;crook;á¸¥q;1. 'to rule', 'chief', 'ruler', á¸¥q;;
ğ“‹¿;S39;U+132FF;shepherd's crook;;;;
ğ“Œ€;S40;U+13300;wêœ£ssceptre(uêœ£s);wêœ£s(uas)--(tril.);see Was scepter;;
ğ“Œ;S41;U+13301;sceptre;;;;
ğ“Œ‚;S42;U+13302;Sekhemscepter;sá¸«m;Sekhem scepter;;
ğ“Œƒ;S43;U+13303;walking stick;;;;
ğ“Œ„;S44;U+13304;walking stick with flagellum;;;;
ğ“Œ…;S45;U+13305;flagellum;;;;
ğ“Œ†;S46;U+13306;covering for head and neck;;;;
ğ“Œ‡;T1;U+13307;mace with flat head;;;;
ğ“Œˆ;T2;U+13308;mace with round head;;;;
ğ“Œ‰;T3;U+13309;mace with round head;á¸¥á¸;Ideogram, and phonogram for mace, á¸¥á¸;;
ğ“ŒŠ;T3A;U+1330A;combination of mace with round head and two hills;;;;
ğ“Œ‹;T4;U+1330B;mace with strap;;;;
ğ“ŒŒ;T5;U+1330C;combination of mace with round head and cobra;;;;
ğ“Œ;T6;U+1330D;combination of mace with round head and two cobras;;;;
ğ“Œ;T7;U+1330E;axe;;;;
ğ“Œ;T7A;U+1330F;axe;;;;
ğ“Œ;T8;U+13310;dagger;tp;"""top"", or ""first""";;
ğ“Œ‘;T8A;U+13311;dagger;;;;
ğ“Œ’;T9;U+13312;bow;pá¹¯p(tj);to stretch, to extend;;
ğ“Œ“;T9A;U+13313;bow;;;;
ğ“Œ”;T10;U+13314;composite bow;;;;
ğ“Œ•;T11;U+13315;arrow;;;;
ğ“Œ–;T11A;U+13316;two crossed arrows;;;;
ğ“Œ—;T12;U+13317;bowstring;ruá¸rwá¸;1. Tril. rwá¸;;
ğ“Œ˜;T13;U+13318;joined pieces of wood;rs;phonogram, rs;;
ğ“Œ™;T14;U+13319;throw stick vertically;;;;
ğ“Œš;T15;U+1331A;throw stick slanted;;;;
ğ“Œ›;T16;U+1331B;scimitar;;;;
ğ“Œœ;T16A;U+1331C;scimitar;;;;
ğ“Œ;T17;U+1331D;chariot;urrt;Ideogram or det. for chariot;;
ğ“Œ;T18;U+1331E;crook with package attached;(sh)ms;follower sign;;
ğ“ŒŸ;T19;U+1331F;harpoon head;gn-t;"""memorial, record, archive, memorandum""";;
ğ“Œ ;T20;U+13320;harpoon head;;;;
ğ“Œ¡;T21;U+13321;harpoon;u'w' --(bil.);"1. ""single"" items";;
ğ“Œ¢;T22;U+13322;arrowhead;sn;Bil. sn;;
ğ“Œ£;T23;U+13323;arrowhead;;;;
ğ“Œ¤;T24;U+13324;fishingnet;i'á¸¥;see moon, (also i'h);;
ğ“Œ¥;T25;U+13325;float;á¸b(á¸a);"to supply, furnish with, equip, provide, & to decorate...(thus the ""life preserver"")see also: seal, (to seal, á¸b'i-t)";;
ğ“Œ¦;T26;U+13326;birdtrap;;;;
ğ“Œ§;T27;U+13327;trap;s(kh)t(sá¸«t);1. trap, bird-trap, (the device);;
ğ“Œ¨;T28;U+13328;butcher's block;khráº–r;1. Bil. (kh)r;;
ğ“Œ©;T29;U+13329;butcher's block with knife;;;;
ğ“Œª;T30;U+1332A;knife;(sh)' Å¡';;;
ğ“Œ«;T31;U+1332B;knife-sharpener;;;;
ğ“Œ¬;T32;U+1332C;combination of knife and legs;;;;
ğ“Œ­;T32A;U+1332D;combination of knife and folded cloth;;;;
ğ“Œ®;T33;U+1332E;knife-sharpener of butcher;;;;
ğ“Œ¯;T33A;U+1332F;combination of knife-sharpener and folded cloth;;;;
ğ“Œ°;T34;U+13330;butcher's knife;;;;
ğ“Œ±;T35;U+13331;butcher's knife;;;;
ğ“Œ²;T36;U+13332;shield;;;;
ğ“Œ³;U1;U+13333;;;;;
ğ“Œ´;U2;U+13334;;;;;
ğ“Œµ;U3;U+13335;;;;;
ğ“Œ¶;U4;U+13336;;;;;
ğ“Œ·;U5;U+13337;;;;;
ğ“Œ¸;U6;U+13338;;;;;
ğ“Œ¹;U6A;U+13339;;;;;
ğ“Œº;U6B;U+1333A;;;;;
ğ“Œ»;U7;U+1333B;hoe;mr;"1. bil. mr, for ""beloved""";;
ğ“Œ¼;U8;U+1333C;;;;;
ğ“Œ½;U9;U+1333D;;;;;
ğ“Œ¾;U10;U+1333E;grain measure (with plural, for grain particles);dbá¸¥;;;
ğ“Œ¿;U11;U+1333F;;;;;
ğ“€;U12;U+13340;;;;;
ğ“;U13;U+13341;;;;;
ğ“‚;U14;U+13342;;;;;
ğ“ƒ;U15;U+13343;sled(sledge);tm;Bil. tm;;
ğ“„;U16;U+13344;;;;;
ğ“…;U17;U+13345;Pick, opening earth;grggr;to have, hold, possess;;
ğ“†;U18;U+13346;;;;;
ğ“‡;U19;U+13347;;;;;
ğ“ˆ;U20;U+13348;;;;;
ğ“‰;U21;U+13349;adze-on-block;stp;"triliteral, stp, for ""chosen""";;
ğ“Š;U22;U+1334A;clapper-(of-bell)tool/instrumentforked-staff, etc.;mn(kh)-(mná¸«);"1. Determinative for mn(kh)-(mná¸«), for ""cut"", ""give shape to""";;
;;;;;;;
;;;;;;;
;;;;;;;
;;;;;;;
;;;;;;;
;;;;;;;
ğ“‹;U23;U+1334B;chisel;êœ£bmr;(See: Narmer Palette)bil., êœ£b, mr;;
ğ“Œ;U23A;U+1334C;;;;;
ğ“;U24;U+1334D;handdrill(hieroglyph);á¸¥mt;1. Ideogram in hmt-(á¸¥mt), the name for the 'hand drill tool';;
;;;;;;;
;;;;;;;
ğ“;U25;U+1334E;;;;;
ğ“;U26;U+1334F;;;;;
ğ“;U27;U+13350;;;;;
ğ“‘;U28;U+13351;fire-drill;á¸aá¸3--(bil.);1. bil. â€˜â€™á¸êœ£â€™';;
ğ“’;U29;U+13352;;;;;
ğ““;U29A;U+13353;;;;;
ğ“”;U30;U+13354;kiln;têœ£;Bil. têœ£;;
ğ“•;U31;U+13355;;;;;
ğ“–;U32;U+13356;;;;;
ğ“—;U32A;U+13357;;;;;
ğ“˜;U33;U+13358;'pestle'-(curved top);ti;Bil. ti;;
ğ“™;U34;U+13359;;;;;
ğ“š;U35;U+1335A;;;;;
ğ“›;U36;U+1335B;fuller's-club;á¸¥m--(bil.);1. Egyptian biliteral sign á¸¥m, for a fuller's club;;
ğ“œ;U37;U+1335C;;;;;
ğ“;U38;U+1335D;scale;m(kh)êœ£t;"Ideogram and det. for m(kh)êœ£t-(má¸«at), ""scale"": see Stand (for Scales)";;
ğ“;U39;U+1335E;;;;;
ğ“Ÿ;U40;U+1335F;a support-(to lift);utjsuá¹¯s;1. to lift up, support, etc. 2. see also: utjs;;
ğ“ ;U41;U+13360;plummet;;;;
ğ“¡;U42;U+13361;pitchfork;;;;
ğ“¢;V1;U+13362;;;"""string, rope"", Egyptian numeral 100";;
ğ“£;V1A;U+13363;;;Egyptian numeral 200;;
ğ“¤;V1B;U+13364;;;Egyptian numeral 300;;
ğ“¥;V1C;U+13365;;;Egyptian numeral 400;;
ğ“¦;V1D;U+13366;;;Egyptian numeral 500;;
ğ“§;V1E;U+13367;;;Egyptian numeral 600;;
ğ“¨;V1F;U+13368;;;Egyptian numeral 700;;
ğ“©;V1G;U+13369;;;Egyptian numeral 800;;
ğ“ª;V1H;U+1336A;;;Egyptian numeral 900;;
ğ“«;V1I;U+1336B;;;Egyptian numeral 500;;
ğ“¬;V2;U+1336C;;;;;
ğ“­;V2A;U+1336D;;;;;
ğ“®;V3;U+1336E;;;;;
ğ“¯;V4;U+1336F;lasso;(ua)wêœ£--(bil.);"lasso, for ""cord"", (possibly earlier, a word related to ""lasso"")";;
ğ“°;V5;U+13370;;;;;
ğ“±;V6;U+13371;rope-(shape);(sh)sÅ¡s--(bil.);Egyptian biliteral sign Å¡s;;
ğ“²;V7;U+13372;rope-(shape);(sh)nÅ¡n--(bil.);Egyptian biliteral sign Å¡n;;
ğ“³;V7A;U+13373;;;;;
ğ“´;V7B;U+13374;;;;;
ğ“µ;V8;U+13375;;;;;
ğ“¶;V9;U+13376;shenring;"""shen""Å¡n";Determinative in (sh)nw-(Å¡nu), the cartouche;;
ğ“·;V10;U+13377;cartouche(hieroglyph);Å¡n-(shen)rn;"special uses, (often with inserted name)Å¡n-(shen), ""circle"", ""encircle"", or a 'ring'";;
ğ“¸;V11;U+13378;cartouche-(divided);tn(tny, tnudnit-t);ideas of to divide, to exclude, words related to Egyptian language tn, etc.;;
ğ“¹;V11A;U+13379;;;;;
ğ“º;V11B;U+1337A;;;;;
ğ“»;V11C;U+1337B;;;;;
ğ“¼;V12;U+1337C;;;;;
ğ“½;V12A;U+1337D;;;;;
ğ“¾;V12B;U+1337E;;;;;
ğ“¿;V13;U+1337F;;;;;
ğ“€;V14;U+13380;;;;;
ğ“;V15;U+13381;Tethering rope w/ walking legs;tjtt_t;to take possession of, seize, carry off, conquer, acquire;;
ğ“‚;V16;U+13382;cattlehobble--(bil.);sêœ£;bil. sêœ£;;
;;;;;;;
;;;;;;;
ğ“ƒ;V17;U+13383;lifesaver;sêœ£--(bil.);bil. sêœ£;;
;;;;;;;
;;;;;;;
ğ“„;V18;U+13384;;;;;
ğ“…;V19;U+13385;;;;;
ğ“†;V20;U+13386;"""cattle hobble""";má¸u(also md);Egyptian numeral 10;;
ğ“‡;V20A;U+13387;;;Egyptian numeral 20;;
ğ“ˆ;V20B;U+13388;;;Egyptian numeral 30;;
ğ“‰;V20C;U+13389;;;Egyptian numeral 40;;
ğ“Š;V20D;U+1338A;;;Egyptian numeral 50;;
ğ“‹;V20E;U+1338B;;;Egyptian numeral 60;;
ğ“Œ;V20F;U+1338C;;;Egyptian numeral 70;;
ğ“;V20G;U+1338D;;;Egyptian numeral 80;;
ğ“;V20H;U+1338E;;;Egyptian numeral 90;;
ğ“;V20I;U+1338F;;;Egyptian numeral 20;;
ğ“;V20J;U+13390;;;Egyptian numeral 30;;
ğ“‘;V20K;U+13391;;;Egyptian numeral 40;;
ğ“’;V20L;U+13392;;;Egyptian numeral 50;;
ğ““;V21;U+13393;Fetter + Cobra;má¸, má¸ut;deep place, deep, pit, cavern-extending, subterranean shrine, etc.;;
ğ“”;V22;U+13394;whip;má¸¥;Bil. mh, (má¸¥);;
ğ“•;V23;U+13395;;;;;
ğ“–;V23A;U+13396;;;;;
ğ“—;V24;U+13397;;;;;
ğ“˜;V25;U+13398;"""command staff""";uá¸(wá¸)--(bil.);to give an order, to command, to decree;;
ğ“™;V26;U+13399;;;;;
ğ“š;V27;U+1339A;;;;;
ğ“›;V28;U+1339B;'eternity'a-long-timeperiodwick-Ra-wickGod-Huh;á¸¥á¸¥;"eternity, or ""a long time period""";;
ğ“œ;V28A;U+1339C;;;;;
ğ“;V29;U+1339D;(fiber)swab(straw broom);sq, (or)u3á¸¥bil.-tril.--(bil.-sq(tril.)-uêœ£á¸¥);1. Biliteral sq;;
ğ“;V29A;U+1339E;;;;;
ğ“Ÿ;V30;U+1339F;basket(hieroglyph);nb--(bil.);"Egyptian for ""everything"", every";;
ğ“ ;V30A;U+133A0;;;;;
ğ“¡;V31;U+133A1;basket-with-handle(hieroglyph);k(unil.);Unil. k;;
ğ“¢;V31A;U+133A2;;;;;
ğ“£;V32;U+133A3;;;;;
ğ“¤;V33;U+133A4;;;;;
ğ“¥;V33A;U+133A5;;;;;
ğ“¦;V34;U+133A6;;;;;
ğ“§;V35;U+133A7;;;;;
ğ“¨;V36;U+133A8;doubled container(or-added-glyphs)many spellings;á¸¥nty;period of 120 years;;
;;;;;;;
;;;;;;;
ğ“©;V37;U+133A9;;;;;
ğ“ª;V37A;U+133AA;;;;;
ğ“«;V38;U+133AB;;;;;
ğ“¬;V39;U+133AC;?stylized ankh(for Isis)(?);tjtt_ttyet;Tyet, Knot of Isis, Girdle of Isis;;
ğ“­;V40;U+133AD;;;;;
ğ“®;V40A;U+133AE;;;;;
ğ“¯;W1;U+133AF;;;;;
ğ“°;W2;U+133B0;Oil jar;;;;
ğ“±;W3;U+133B1;alabasterbasin;sÅ¡sÅ¡-s(sh)'(sesh)';"festival(Equivalent to Gardiner W4, Jubilee Pavilion (hieroglyph))det. in sÅ¡, 'alabaster', or ""precious stone""";;
ğ“²;W3A;U+133B2;;;;;
ğ“³;W4;U+133B3;festival chamber, (the tail is also vertical 'Great':  'êœ£);Sá¹¯;Sed festival;;
ğ“´;W5;U+133B4;;;;;
ğ“µ;W6;U+133B5;;;;;
ğ“¶;W7;U+133B6;;;;;
ğ“·;W8;U+133B7;;;;;
ğ“¸;W9;U+133B8;(large)-jar--with-handle;(kh)nm(áº–nm);Egyp. tril. (kh)nm;;
ğ“¹;W9A;U+133B9;;;;;
ğ“º;W10;U+133BA;'cup';i'b;"A. Determinative for the ""vessel"", Egyptian language, i'b-(no. 5 of 6)";;
;;;;;;;
;;;;;;;
ğ“»;W10A;U+133BB;;;;;
ğ“¼;W11;U+133BC;;;;;
ğ“½;W12;U+133BD;;;;;
ğ“¾;W13;U+133BE;;;;;
ğ“¿;W14;U+133BF;vasewater-pot;á¸¥s;Bil. á¸¥s;;
ğ“€;W14A;U+133C0;;;;;
ğ“;W15;U+133C1;;;;;
ğ“‚;W16;U+133C2;;;;;
ğ“ƒ;W17;U+133C3;;;;;
ğ“„;W17A;U+133C4;;;;;
ğ“…;W18;U+133C5;;;;;
ğ“†;W18A;U+133C6;;;;;
ğ“‡;W19;U+133C7;milk-jug-in--carrying-net;mi;1. like, as, according to, inasmuch as, since, as well as, together with;;
ğ“ˆ;W20;U+133C8;;;;;
ğ“‰;W21;U+133C9;winejars;"""irp""";"Determinative in irp, ""wine""";;
ğ“Š;W22;U+133CA;;;;;
ğ“‹;W23;U+133CB;;;;;
ğ“Œ;W24;U+133CC;pot(various)(typical-spherical);nuqd--(bil.)-nu;Phoneme for nw;;
ğ“;W24A;U+133CD;;;;;
ğ“;W25;U+133CE;;;;;
ğ“;X1;U+133CF;loaf of bread;t;"Unilateral for ""t""";;
ğ“;X2;U+133D0;;;;;
ğ“‘;X3;U+133D1;;;;;
ğ“’;X4;U+133D2;;;;;
ğ““;X4A;U+133D3;;;;;
ğ“”;X4B;U+133D4;;;;;
ğ“•;X5;U+133D5;;;;;
ğ“–;X6;U+133D6;loaf-with-decoration;pêœ£t(phoneme pêœ£);1. Determinative for the 'decorated bread loaf', pêœ£t;;
(or);;;(or);;;;
;;(or);;;;;
ğ“—;X6A;U+133D7;;;;;
ğ“˜;X7;U+133D8;;;;;
ğ“™;X8;U+133D9;cone-shapedbread;di;Ideogram for di, rdi, give, given, to give;;
;;;;;;;
;;;;;;;
ğ“š;X8A;U+133DA;;;;;
ğ“›;Y1;U+133DB;papyrusroll;má¸3-tmá¸3t;papyrus roll;;
ğ“œ;Y1A;U+133DC;;;;;
ğ“;Y2;U+133DD;;;;;
ğ“;Y3;U+133DE;scribe palette,bag of ink blocks,& stylus;;;;
ğ“Ÿ;Y4;U+133DF;;;;;
ğ“ ;Y5;U+133E0;;;;;
ğ“¡;Y6;U+133E1;game piece(hieroglyph);ib3;"1. Ideogram or det. in ib3, ""pawn"", draughtsman";;
ğ“¢;Y7;U+133E2;harp];bint[bin-t, bn-t];"Determinative in bint, ""harp""";;
ğ“£;Y8;U+133E3;Sistrum (Egyptian hieroglyph);sÅ¡, sÅ¡Å¡t(also s(kh)m);"A. Ideo. for ""sistrum"", sÅ¡Å¡t, (or s(kh)m(=sistrum))";;
ğ“¤;Z1;U+133E4;;;"""singularity"", Egyptian numeral 1";;
ğ“¥;Z2;U+133E5;plural strokes;;plural, majority, collective concept (e.g. meat, jwf);;
ğ“¦;Z2A;U+133E6;;;;;
ğ“§;Z2B;U+133E7;;;;;
ğ“¨;Z2C;U+133E8;;;;;
ğ“©;Z2D;U+133E9;;;;;
ğ“ª;Z3;U+133EA;plural strokes (vertical);;;;
ğ“«;Z3A;U+133EB;;;;;
ğ“¬;Z3B;U+133EC;;;;;
ğ“­;Z4;U+133ED;;;"""duality"", Egyptian numeral 2";;
ğ“®;Z4A;U+133EE;;;Egyptian numeral 2;;
ğ“¯;Z5;U+133EF;;;;;
ğ“°;Z5A;U+133F0;;;;;
ğ“±;Z6;U+133F1;;;;;
ğ“²;Z7;U+133F2;coil(hieroglyph)(hieratic equivalent);wu;unil., equivalent of unil. w, the quail chick,    ;;
;;;;;;;
;;;;;;;
ğ“³;Z8;U+133F3;;;;;
ğ“´;Z9;U+133F4;Crossed diagonal sticks;;;;
ğ“µ;Z10;U+133F5;Crossed diagonal sticks;swA, sá¸, ichbs, Å¡bn, wp, wr;"Determinative for ""break, divide"" (wpj), ""over load"" (á¸Aj), ""cross, meet"".";;
ğ“¶;Z11;U+133F6;Two planks crossed and joined;imi;;;
ğ“·;Z12;U+133F7;;;;;
ğ“¸;Z13;U+133F8;;;;;
ğ“¹;Z14;U+133F9;;;;;
ğ“º;Z15;U+133FA;;;Egyptian numeral 1;;
ğ“»;Z15A;U+133FB;;;Egyptian numeral 2;;
ğ“¼;Z15B;U+133FC;;;Egyptian numeral 3;;
ğ“½;Z15C;U+133FD;;;Egyptian numeral 4;;
ğ“¾;Z15D;U+133FE;;;Egyptian numeral 5;;
ğ“¿;Z15E;U+133FF;;;Egyptian numeral 6;;
ğ“€;Z15F;U+13400;;;Egyptian numeral 7;;
ğ“;Z15G;U+13401;;;Egyptian numeral 8;;
ğ“‚;Z15H;U+13402;;;Egyptian numeral 9;;
ğ“ƒ;Z15I;U+13403;;;Egyptian numeral 5;;
ğ“„;Z16;U+13404;;;numeral 1 in dates;;
ğ“…;Z16A;U+13405;;;numeral 2 in dates;;
ğ“†;Z16B;U+13406;;;numeral 3 in dates;;
ğ“‡;Z16C;U+13407;;;numeral 4 in dates;;
ğ“ˆ;Z16D;U+13408;;;numeral 5 in dates;;
ğ“‰;Z16E;U+13409;;;numeral 6 in dates;;
ğ“Š;Z16F;U+1340A;;;numeral 7 in dates;;
ğ“‹;Z16G;U+1340B;;;numeral 8 in dates;;
ğ“Œ;Z16H;U+1340C;;;numeral 9 in dates;;
ğ“;Aa1;U+1340D;;Kh;;;
ğ“;Aa2;U+1340E;;;;;
ğ“;Aa3;U+1340F;;;;;
ğ“;Aa4;U+13410;;;;;
ğ“‘;Aa5;U+13411;;;;;
ğ“’;Aa6;U+13412;;;;;
ğ““;Aa7;U+13413;;spr;"Abbreviation for ""smite"" (spr)";;
ğ“”;Aa7A;U+13414;;;;;
ğ“•;Aa7B;U+13415;;;;;
ğ“–;Aa8;U+13416;;qn, á¸At, á¸Aá¸At;Estate (á¸Att);;
ğ“—;Aa9;U+13417;;;;;
ğ“˜;Aa10;U+13418;;;;;
ğ“™;Aa11;U+13419;;;;;
ğ“š;Aa12;U+1341A;;;;;
ğ“›;Aa13;U+1341B;;;;;
ğ“œ;Aa14;U+1341C;;;;;
ğ“;Aa15;U+1341D;;;;;
ğ“;Aa16;U+1341E;;;;;
ğ“Ÿ;Aa17;U+1341F;;;;;
ğ“ ;Aa18;U+13420;;;;;
ğ“¡;Aa19;U+13421;;;;;
ğ“¢;Aa20;U+13422;;;;;
ğ“£;Aa21;U+13423;;;;;
ğ“¤;Aa22;U+13424;;;;;
ğ“¥;Aa23;U+13425;;;;;
ğ“¦;Aa24;U+13426;;;;;
ğ“§;Aa25;U+13427;;;;;
ğ“¨;Aa26;U+13428;;;;;
ğ“©;Aa27;U+13429;;;;;
ğ“ª;Aa28;U+1342A;;;;;
ğ“«;Aa29;U+1342B;;;;;
ğ“¬;Aa30;U+1342C;;;;;
ğ“­;Aa31;U+1342D;;;;;
ğ“®;Aa32;U+1342E;;;;;
